1719792246.982372,STATUS,SENDING ATTENDANCE
1719792246.9842267,MSG SEND,10061170000
